<!DOCTYPE hibernate-configuration PUBLIC "-//Hibernate/Hibernate Configuration DTD 3.0//EN" "http://hibernate.sourceforge.net/hibernate-configuration-3.0.dtd">
<hibernate-configuration>
    <session-factory>
        <property name="hibernate.connection.driver_class">org.mariadb.jdbc.Driver</property>
        <property name="hibernate.connection.url">jdbc:mariadb://localhost:3307/idm_db</property>
        <property name="hibernate.connection.username">admin</property>
        <property name="hibernate.connection.password">parola</property>


        <property name="hibernate.dialect">org.hibernate.dialect.MariaDBDialect</property>

        <property name="hibernate.show_sql">true</property>

        <property name="hibernate.hbm2ddl.auto">update</property>

        <mapping class="com.proiect.model.User" />

    </session-factory>
</hibernate-configuration>
